id,nome,tipo,descricao,preco,imagem
5e417f21-6841-4eea-8673-b0031cd807b1,Agua,hamburguer,Hamburguer artesanal delicioso.,17.98,imagens/agua.png
d21b2064-4887-4261-9c2a-6a600f3a830d,Barbecue,hamburguer,Hamburguer artesanal delicioso.,28.25,imagens/barbecue.jpg
0236dd2b-8a30-4339-a8dd-240e19e935b5,Bluecheese,hamburguer,Hamburguer artesanal delicioso.,34.53,imagens/bluecheese.jpg
86239207-32b7-4ae1-b717-a78441d1780f,Brownie,hamburguer,Hamburguer artesanal delicioso.,32.1,imagens/brownie.png
66162ca8-a2ed-439b-805d-84de409b3c3d,Cerveja,hamburguer,Hamburguer artesanal delicioso.,22.06,imagens/cerveja.png
ea540826-c758-4e98-bb58-01b25525ad42,Cha,hamburguer,Hamburguer artesanal delicioso.,15.24,imagens/cha.png
5ec42f61-e0c6-42b4-8ee6-764da0054363,Cheddar,hamburguer,Hamburguer artesanal delicioso.,22.92,imagens/cheddar.jpg
a2b7de82-c324-4476-882d-3e31f29bb935,Chili,hamburguer,Hamburguer artesanal delicioso.,19.63,imagens/chili.jpg
a34d5cef-100f-4b09-9664-80336693261b,Classico,hamburguer,Hamburguer artesanal delicioso.,30.53,imagens/classico.jpg
2431ce13-28b7-4b6d-b634-d86b4ebd7971,Coca,bebida,Bebida artesanal delicioso.,29.59,imagens/coca.png
0c26c2d9-ca84-47ae-a9a9-c009dc645cd4,Costela,hamburguer,Hamburguer artesanal delicioso.,23.78,imagens/costela.jpg
4161b260-7e82-4bd4-a741-dd0ec5c1d49d,Duplo,hamburguer,Hamburguer artesanal delicioso.,31.39,imagens/duplo.jpg
c87e43cf-5bfb-4c6d-86fd-242e1cfa2d8c,Egg,hamburguer,Hamburguer artesanal delicioso.,25.59,imagens/egg.jpg
e82f3905-ca78-4949-a25e-346cc68bf576,Frangocro,hamburguer,Hamburguer artesanal delicioso.,28.1,imagens/frangocro.jpg
14d7e69e-ee61-4722-a62e-1ff29d61a908,Logo,hamburguer,Hamburguer artesanal delicioso.,17.9,imagens/logo.png
812f5038-1bce-46d7-a3e2-96e7d8afba0e,Milkshake,hamburguer,Hamburguer artesanal delicioso.,16.25,imagens/milkshake.png
99687040-0b86-41b4-9dd9-872cb7ff7015,Molho,hamburguer,Hamburguer artesanal delicioso.,15.16,imagens/molho.jpg
6c79fd47-af8f-423a-b392-d2eff24063f4,Mousse,hamburguer,Hamburguer artesanal delicioso.,25.98,imagens/mousse.png
67a950f5-8795-45dc-b590-d4dabb5abd72,Onion,hamburguer,Hamburguer artesanal delicioso.,23.63,imagens/onion.jpg
ea5a4c1d-7f59-48b4-b5a6-52eda4c7e0e9,Petit,hamburguer,Hamburguer artesanal delicioso.,33.12,imagens/petit.png
05679c8e-7c63-43f3-8a20-e982c01c2a8b,Picanha,hamburguer,Hamburguer artesanal delicioso.,16.73,imagens/picanha.jpg
f027f221-6a3f-4455-957c-d3f7897fa392,Smash,hamburguer,Hamburguer artesanal delicioso.,15.31,imagens/smash.jpg
6f41cec2-090d-46aa-ad06-d88183a08e28,Sorvete,sobremesa,Sobremesa artesanal delicioso.,20.88,imagens/sorvete.png
6fe642ae-5e77-4bbd-893d-397e544c7f0b,Suco,hamburguer,Hamburguer artesanal delicioso.,24.65,imagens/suco.png
c01b7292-7dd5-4d9f-a3c1-562fc2e9697a,Texano,hamburguer,Hamburguer artesanal delicioso.,29.59,imagens/texano.jpg
e746b35f-9e28-4e87-adec-64a60a113f88,Tortachocolate,hamburguer,Hamburguer artesanal delicioso.,24.25,imagens/tortachocolate.png
f96e3a16-c058-4d38-810d-5df680b7d5ca,Trufado,hamburguer,Hamburguer artesanal delicioso.,27.78,imagens/trufado.jpg
46d70143-06d2-4dff-9ad7-81ad7b735963,Vegano,hamburguer,Hamburguer artesanal delicioso.,15.39,imagens/vegano.jpg
